category,year,authors,title,venue,details,doi,url_pub,url_arxiv,url_code,awards
working,,"**Dong M**, Yan J, Liu L, Wang L","Efficient adjustment sets for inverse probability weighted estimation in causal graphical models",,,,,,
working,,"Hou T, Thakral A, Hueniken K, ..., **Dong M**, Xu W, Lee J, Liu G","Genetic liability to smoking and alcohol use and risk and survival in head and neck squamous cell carcinoma: Towards a personalized approach",,"Submitted.",,,,
working,,"Haycock P, **Dong M**, Liu Y, Vanderwerff B, Bate T, et al.","A meta-analysis of genome-wide association studies of lung cancer survival",,,,,,
working,,"Bate T, **Dong M**, Liu Y, Seviiri M, Brown MC, et al.","Investigating the repurposing potential of immune checkpoint inhibition for cancer treatment using Mendelian randomisation",,"Submitted.",,,,
working,,"Bate T, **Dong M**, Ogamba C, Liu Y, Seviiri M, et al.","Investigating the repurposing potential of cardiometabolic and hormonal medications for cancer treatment using Mendelian randomisation",,,,,,
preprint,2025,"**Dong M**, Liu L, Tang D, Liu G, Xu W, Wang L","Marginal causal effect with continuous instrumental variables","arXiv preprint","arXiv:2510.14368.",,,https://arxiv.org/abs/2510.14368,,"IMS Hannan Graduate Student Travel Award; SSC General Student Research Oral Presentation Award; University of Toronto Department of Statistics Research Day Best Poster Award."
peer_reviewed,2026,"**Dong M**, Wang L, Liu L, Dukes O","Mei Dong, Linbo Wang, Lin Liu, and Oliver Dukes's contribution to the Discussion of 'Regression by composition' by Farewell et al.","Journal of the Royal Statistical Society Series B: Statistical Methodology","qkag093.",10.1093/jrsssb/qkag093,,https://arxiv.org/abs/2604.18388,
peer_reviewed,2025,"Hou T, Thakral A, ..., **Dong M**, ..., Liu G","Polygenic risk score-based smoking and drinking behaviors and head and neck squamous cell cancer risk by HPV status","Cancer Research","Abstract publication, 85(8 Supplement 1):7399.",,,,
peer_reviewed,2025,"**Dong M**, Thakral A, Byrne KS, Bosse Y, Zhou H, et al.","Genome-wide association study of early-stage non-small cell lung cancer prognosis: A pooled analysis in the International Lung Cancer Consortium","Carcinogenesis","46(2):bgaf031.",10.1093/carcin/bgaf031,,,
peer_reviewed,2025,"Lam A, Hueniken K, Pienkowski M, Lee JW, **Dong M**, et al.","Performance of eight smoking metrics for modeling survival in head and neck squamous cell carcinoma","JAMA Otolaryngology–Head & Neck Surgery","151(4):360–370.",10.1001/jamaoto.2024.5392,https://jamanetwork.com/journals/jamaotolaryngology/fullarticle/2830404,,
peer_reviewed,2024,"Xue M, Leibovitzh H, Shao J, Neustaeter A, **Dong M**, et al.","Environmental factors associated with risk of Crohn’s disease development in the CCC-GEM Project: A prospective cohort of healthy first-degree relatives of CD patients","Clinical Gastroenterology and Hepatology","22(9):1889–1897.",10.1016/j.cgh.2024.03.049,https://www.sciencedirect.com/science/article/abs/pii/S1542356524004506,,
peer_reviewed,2023,"**Dong M**, Mitani A","Multiple imputation methods for missing multilevel ordinal outcomes","BMC Medical Research Methodology","23:112.",10.1186/s12874-023-01909-5,https://link.springer.com/article/10.1186/s12874-023-01909-5,,https://github.com/MeiDongstat/MI-Multilevel-Ordinal
peer_reviewed,2023,"Xue M, Turpin W, Haim L, Lee SH, Neustaeter A, **Dong M**, et al.","A198 The long-term impact of environment exposures on host health and the risk factors of Crohn's disease","Journal of the Canadian Association of Gastroenterology","Abstract publication, 6(Suppl 1):41.",,,,
peer_reviewed,2023,"García-Pardo M, Chang A, Schmid S, **Dong M**, Brown MC, et al.","Respiratory and cardiometabolic comorbidities and stage I–III non-small cell lung cancer survival: A pooled analysis from the International Lung Cancer Consortium","Journal of Thoracic Oncology","18(3):313–323.",10.1016/j.jtho.2022.10.020,https://www.sciencedirect.com/science/article/pii/S1556086422019037,,
peer_reviewed,2023,"Fuoco J, **Dong M**, MacMillan C, Kak I, Perez-Ordonez B, Bradley G, Xu W, Magalhaes M","A 10-year review of intraoral salivary gland tumor diagnoses: Diagnostic challenges and inter-observer agreement","Head and Neck Pathology","17(1):193–203.",10.1007/s12105-022-01487-w,https://link.springer.com/article/10.1007/s12105-022-01487-w,,
peer_reviewed,2022,"García-Pardo M, Chang A, Schmid S, **Dong M**, Brown MC, et al.","Respiratory and cardiometabolic comorbidities and stage I–III non-small cell lung cancer survival: A pooled analysis from the International Lung Cancer Consortium","Annals of Oncology","Abstract publication, 33:S979.",,,,
peer_reviewed,2022,"Turpin W\*, **Dong M**\*, Sasson G\*, Garay JA\*, Espin-Garcia O, et al.","Mediterranean-like dietary pattern associations with gut microbiome composition and subclinical gastrointestinal inflammation","Gastroenterology","163(3):685–698.",10.1053/j.gastro.2022.05.037,https://www.sciencedirect.com/science/article/abs/pii/S0016508522005285,,
peer_reviewed,2022,"Schmid S, Jiang M, Brown MC, Fares A, Garcia M, Soriano J, **Dong M**, Thomas S, et al.","Accounting for EGFR mutations in epidemiologic analyses of non-small cell lung cancers: Examples based on the International Lung Cancer Consortium data","Cancer Epidemiology, Biomarkers & Prevention","31(3):679–687.",10.1158/1055-9965.EPI-21-0747,https://aacrjournals.org/cebp/article/31/3/679/681953/,,
peer_reviewed,2021,"Bai W\*, **Dong M**\*, Li L, Feng C, Xu W","Randomized quantile residuals for diagnosing zero-inflated generalized linear mixed models with applications to microbiome count data","BMC Bioinformatics","22:564.",10.1186/s12859-021-04371-6,https://link.springer.com/article/10.1186/s12859-021-04371-6,,
peer_reviewed,2021,"Shestopaloff K\*, **Dong M**\*, Gao F, Xu W","DCMD: Distance-based classification using mixture distributions on microbiome data","PLoS Computational Biology","17(3):e1008799.",10.1371/journal.pcbi.1008799,https://journals.plos.org/ploscompbiol/article?id=10.1371/journal.pcbi.1008799,,https://github.com/kshestop/DCMD
peer_reviewed,2020,"**Dong M**\*, Li L\*, Chen M, Kusalik A, Xu W","Predictive analysis methods for human microbiome data with application to Parkinson’s disease","PLOS ONE","15(8):e0237779.",10.1371/journal.pone.0237779,https://journals.plos.org/plosone/article?id=10.1371/journal.pone.0237779,,
